<?xml version="1.0" encoding="UTF-8"?>
<Profile xmlns="http://soap.sforce.com/2006/04/metadata">
    <classAccesses>
        <apexClass>ChangePasswordController</apexClass>
        <enabled>false</enabled>
    </classAccesses>
    <classAccesses>
        <apexClass>ChangePasswordControllerTest</apexClass>
        <enabled>false</enabled>
    </classAccesses>
    <classAccesses>
        <apexClass>CommunitiesLandingController</apexClass>
        <enabled>false</enabled>
    </classAccesses>
    <classAccesses>
        <apexClass>CommunitiesLandingControllerTest</apexClass>
        <enabled>false</enabled>
    </classAccesses>
    <classAccesses>
        <apexClass>CommunitiesLoginController</apexClass>
        <enabled>false</enabled>
    </classAccesses>
    <classAccesses>
        <apexClass>CommunitiesLoginControllerTest</apexClass>
        <enabled>false</enabled>
    </classAccesses>
    <classAccesses>
        <apexClass>CommunitiesSelfRegConfirmController</apexClass>
        <enabled>false</enabled>
    </classAccesses>
    <classAccesses>
        <apexClass>CommunitiesSelfRegConfirmControllerTest</apexClass>
        <enabled>false</enabled>
    </classAccesses>
    <classAccesses>
        <apexClass>CommunitiesSelfRegController</apexClass>
        <enabled>false</enabled>
    </classAccesses>
    <classAccesses>
        <apexClass>CommunitiesSelfRegControllerTest</apexClass>
        <enabled>false</enabled>
    </classAccesses>
    <classAccesses>
        <apexClass>ForgotPasswordController</apexClass>
        <enabled>false</enabled>
    </classAccesses>
    <classAccesses>
        <apexClass>ForgotPasswordControllerTest</apexClass>
        <enabled>false</enabled>
    </classAccesses>
    <classAccesses>
        <apexClass>LightningForgotPasswordController</apexClass>
        <enabled>false</enabled>
    </classAccesses>
    <classAccesses>
        <apexClass>LightningForgotPasswordControllerTest</apexClass>
        <enabled>false</enabled>
    </classAccesses>
    <classAccesses>
        <apexClass>LightningLoginFormController</apexClass>
        <enabled>false</enabled>
    </classAccesses>
    <classAccesses>
        <apexClass>LightningLoginFormControllerTest</apexClass>
        <enabled>false</enabled>
    </classAccesses>
    <classAccesses>
        <apexClass>LightningSelfRegisterController</apexClass>
        <enabled>false</enabled>
    </classAccesses>
    <classAccesses>
        <apexClass>LightningSelfRegisterControllerTest</apexClass>
        <enabled>false</enabled>
    </classAccesses>
    <classAccesses>
        <apexClass>MyProfilePageController</apexClass>
        <enabled>false</enabled>
    </classAccesses>
    <classAccesses>
        <apexClass>MyProfilePageControllerTest</apexClass>
        <enabled>false</enabled>
    </classAccesses>
    <classAccesses>
        <apexClass>SiteLoginController</apexClass>
        <enabled>false</enabled>
    </classAccesses>
    <classAccesses>
        <apexClass>SiteLoginControllerTest</apexClass>
        <enabled>false</enabled>
    </classAccesses>
    <classAccesses>
        <apexClass>SiteRegisterController</apexClass>
        <enabled>false</enabled>
    </classAccesses>
    <classAccesses>
        <apexClass>SiteRegisterControllerTest</apexClass>
        <enabled>false</enabled>
    </classAccesses>
    <classAccesses>
        <apexClass>YoutubeDataParser</apexClass>
        <enabled>false</enabled>
    </classAccesses>
    <classAccesses>
        <apexClass>Youtubesearch</apexClass>
        <enabled>false</enabled>
    </classAccesses>
    <custom>true</custom>
    <layoutAssignments>
        <layout>Global-Global Layout</layout>
    </layoutAssignments>
    <pageAccesses>
        <apexPage>AnswersHome</apexPage>
        <enabled>false</enabled>
    </pageAccesses>
    <pageAccesses>
        <apexPage>BandwidthExceeded</apexPage>
        <enabled>true</enabled>
    </pageAccesses>
    <pageAccesses>
        <apexPage>ChangePassword</apexPage>
        <enabled>false</enabled>
    </pageAccesses>
    <pageAccesses>
        <apexPage>CommunitiesLanding</apexPage>
        <enabled>true</enabled>
    </pageAccesses>
    <pageAccesses>
        <apexPage>CommunitiesLogin</apexPage>
        <enabled>true</enabled>
    </pageAccesses>
    <pageAccesses>
        <apexPage>CommunitiesSelfReg</apexPage>
        <enabled>true</enabled>
    </pageAccesses>
    <pageAccesses>
        <apexPage>CommunitiesSelfRegConfirm</apexPage>
        <enabled>true</enabled>
    </pageAccesses>
    <pageAccesses>
        <apexPage>CommunitiesTemplate</apexPage>
        <enabled>true</enabled>
    </pageAccesses>
    <pageAccesses>
        <apexPage>Exception</apexPage>
        <enabled>true</enabled>
    </pageAccesses>
    <pageAccesses>
        <apexPage>FileNotFound</apexPage>
        <enabled>true</enabled>
    </pageAccesses>
    <pageAccesses>
        <apexPage>ForgotPassword</apexPage>
        <enabled>true</enabled>
    </pageAccesses>
    <pageAccesses>
        <apexPage>ForgotPasswordConfirm</apexPage>
        <enabled>true</enabled>
    </pageAccesses>
    <pageAccesses>
        <apexPage>IdeasHome</apexPage>
        <enabled>false</enabled>
    </pageAccesses>
    <pageAccesses>
        <apexPage>InMaintenance</apexPage>
        <enabled>true</enabled>
    </pageAccesses>
    <pageAccesses>
        <apexPage>MyProfilePage</apexPage>
        <enabled>false</enabled>
    </pageAccesses>
    <pageAccesses>
        <apexPage>SiteLogin</apexPage>
        <enabled>true</enabled>
    </pageAccesses>
    <pageAccesses>
        <apexPage>SiteRegister</apexPage>
        <enabled>true</enabled>
    </pageAccesses>
    <pageAccesses>
        <apexPage>SiteRegisterConfirm</apexPage>
        <enabled>true</enabled>
    </pageAccesses>
    <pageAccesses>
        <apexPage>SiteTemplate</apexPage>
        <enabled>false</enabled>
    </pageAccesses>
    <pageAccesses>
        <apexPage>StdExceptionTemplate</apexPage>
        <enabled>false</enabled>
    </pageAccesses>
    <pageAccesses>
        <apexPage>Unauthorized</apexPage>
        <enabled>false</enabled>
    </pageAccesses>
    <pageAccesses>
        <apexPage>UnderConstruction</apexPage>
        <enabled>true</enabled>
    </pageAccesses>
    <userLicense>Guest</userLicense>
    <userPermissions>
        <enabled>true</enabled>
        <name>AddDirectMessageMembers</name>
    </userPermissions>
    <userPermissions>
        <enabled>true</enabled>
        <name>AllowUniversalSearch</name>
    </userPermissions>
    <userPermissions>
        <enabled>true</enabled>
        <name>ContentWorkspaces</name>
    </userPermissions>
    <userPermissions>
        <enabled>true</enabled>
        <name>EnableCommunityAppLauncher</name>
    </userPermissions>
    <userPermissions>
        <enabled>true</enabled>
        <name>EnableNotifications</name>
    </userPermissions>
    <userPermissions>
        <enabled>true</enabled>
        <name>RemoveDirectMessageMembers</name>
    </userPermissions>
    <userPermissions>
        <enabled>true</enabled>
        <name>SelectFilesFromSalesforce</name>
    </userPermissions>
    <userPermissions>
        <enabled>true</enabled>
        <name>ShowCompanyNameAsUserBadge</name>
    </userPermissions>
    <userPermissions>
        <enabled>true</enabled>
        <name>UseWebLink</name>
    </userPermissions>
    <userPermissions>
        <enabled>true</enabled>
        <name>ViewAllUsers</name>
    </userPermissions>
</Profile>
