<?xml version="1.0" encoding="UTF-8"?>
<CustomSite xmlns="http://soap.sforce.com/2006/04/metadata">
    <active>true</active>
    <allowHomePage>false</allowHomePage>
    <allowStandardAnswersPages>false</allowStandardAnswersPages>
    <allowStandardIdeasPages>false</allowStandardIdeasPages>
    <allowStandardLookups>false</allowStandardLookups>
    <allowStandardPortalPages>true</allowStandardPortalPages>
    <allowStandardSearch>false</allowStandardSearch>
    <authorizationRequiredPage>CommunitiesLogin</authorizationRequiredPage>
    <bandwidthExceededPage>BandwidthExceeded</bandwidthExceededPage>
    <browserXssProtection>true</browserXssProtection>
    <clickjackProtectionLevel>SameOriginOnly</clickjackProtectionLevel>
    <contentSniffingProtection>true</contentSniffingProtection>
    <cspUpgradeInsecureRequests>true</cspUpgradeInsecureRequests>
    <fileNotFoundPage>FileNotFound</fileNotFoundPage>
    <genericErrorPage>Exception</genericErrorPage>
    <inMaintenancePage>InMaintenance</inMaintenancePage>
    <indexPage>CommunitiesLanding</indexPage>
    <masterLabel>Learning Community Cloud</masterLabel>
    <referrerPolicyOriginWhenCrossOrigin>true</referrerPolicyOriginWhenCrossOrigin>
    <requireHttps>true</requireHttps>
    <requireInsecurePortalAccess>false</requireInsecurePortalAccess>
    <selfRegPage>CommunitiesSelfReg</selfRegPage>
    <siteAdmin>test-3bw3rgko46sz@example.com</siteAdmin>
    <siteType>ChatterNetwork</siteType>
    <subdomain>testpc-developer-edition</subdomain>
</CustomSite>
