<?xml version="1.0" encoding="UTF-8"?>
<CustomApplication xmlns="http://soap.sforce.com/2006/04/metadata">
    <brand>
        <headerColor>#0070D2</headerColor>
        <shouldOverrideOrgTheme>false</shouldOverrideOrgTheme>
    </brand>
    <formFactors>Large</formFactors>
    <isNavAutoTempTabsDisabled>false</isNavAutoTempTabsDisabled>
    <isNavPersonalizationDisabled>false</isNavPersonalizationDisabled>
    <label>ConsoleApp</label>
    <navType>Console</navType>
    <tabs>standard-Account</tabs>
    <tabs>standard-Contact</tabs>
    <tabs>standard-Case</tabs>
    <tabs>standard-Event</tabs>
    <tabs>standard-Campaign</tabs>
    <tabs>standard-File</tabs>
    <uiType>Lightning</uiType>
    <utilityBar>consoleApp_UtilityBar</utilityBar>
    <workspaceConfig>
        <mappings>
            <tab>standard-Account</tab>
        </mappings>
        <mappings>
            <tab>standard-Campaign</tab>
        </mappings>
        <mappings>
            <tab>standard-Case</tab>
        </mappings>
        <mappings>
            <tab>standard-Contact</tab>
        </mappings>
        <mappings>
            <tab>standard-Event</tab>
        </mappings>
        <mappings>
            <tab>standard-File</tab>
        </mappings>
    </workspaceConfig>
</CustomApplication>
