﻿[
{"Name":"Ellis Boyd 'Red' Redding","Person__r":{"attributes":{"type":"Person__c","url":"/services/data/v44.0/sobjects/Person__c/a021t000005d7h9AAA"},"Name":"Morgan Freeman"}},

{"Name":"Warden Norton","Person__r":{"attributes":{"type":"Person__c","url":"/services/data/v44.0/sobjects/Person__c/a021t000005d7hAAAQ"},"Name":"Bob Gunton"}},

{"Name":"Andy Dufresne","Person__r":{"attributes":{"type":"Person__c","url":"/services/data/v44.0/sobjects/Person__c/a021t000005d7h8AAA"},"Name":"Tim Robbins"}}
]