<?xml version="1.0" encoding="UTF-8"?>
<Network xmlns="http://soap.sforce.com/2006/04/metadata">
    <allowInternalUserLogin>false</allowInternalUserLogin>
    <allowMembersToFlag>false</allowMembersToFlag>
    <changePasswordTemplate>unfiled$public/CommunityChangePasswordEmailTemplate</changePasswordTemplate>
    <communityRoles/>
    <disableReputationRecordConversations>true</disableReputationRecordConversations>
    <emailSenderAddress>mohith@codescience.com</emailSenderAddress>
    <emailSenderName>Learning Community Cloud</emailSenderName>
    <enableCustomVFErrorPageOverrides>false</enableCustomVFErrorPageOverrides>
    <enableDirectMessages>true</enableDirectMessages>
    <enableGuestChatter>false</enableGuestChatter>
    <enableGuestFileAccess>true</enableGuestFileAccess>
    <enableInvitation>false</enableInvitation>
    <enableKnowledgeable>false</enableKnowledgeable>
    <enableNicknameDisplay>false</enableNicknameDisplay>
    <enablePrivateMessages>false</enablePrivateMessages>
    <enableReputation>false</enableReputation>
    <enableShowAllNetworkSettings>false</enableShowAllNetworkSettings>
    <enableSiteAsContainer>true</enableSiteAsContainer>
    <enableTalkingAboutStats>true</enableTalkingAboutStats>
    <enableTopicAssignmentRules>true</enableTopicAssignmentRules>
    <enableTopicSuggestions>false</enableTopicSuggestions>
    <enableUpDownVote>true</enableUpDownVote>
    <forgotPasswordTemplate>unfiled$public/CommunityForgotPasswordEmailTemplate</forgotPasswordTemplate>
    <gatherCustomerSentimentData>false</gatherCustomerSentimentData>
    <navigationLinkSet>
        <navigationMenuItem>
            <label>Item1</label>
            <position>1</position>
            <publiclyAvailable>true</publiclyAvailable>
            <target>/error</target>
            <type>InternalLink</type>
        </navigationMenuItem>
        <navigationMenuItem>
            <label>Item2</label>
            <position>2</position>
            <publiclyAvailable>true</publiclyAvailable>
            <target>/error</target>
            <type>InternalLink</type>
        </navigationMenuItem>
        <navigationMenuItem>
            <label>Item3</label>
            <position>3</position>
            <publiclyAvailable>true</publiclyAvailable>
            <target>/error</target>
            <type>InternalLink</type>
        </navigationMenuItem>
    </navigationLinkSet>
    <networkMemberGroups>
        <profile>admin</profile>
    </networkMemberGroups>
    <networkPageOverrides>
        <changePasswordPageOverrideSetting>Standard</changePasswordPageOverrideSetting>
        <forgotPasswordPageOverrideSetting>Designer</forgotPasswordPageOverrideSetting>
        <homePageOverrideSetting>Designer</homePageOverrideSetting>
        <loginPageOverrideSetting>Designer</loginPageOverrideSetting>
        <selfRegProfilePageOverrideSetting>Designer</selfRegProfilePageOverrideSetting>
    </networkPageOverrides>
    <picassoSite>Learning_Community_Cloud1</picassoSite>
    <selfRegistration>false</selfRegistration>
    <sendWelcomeEmail>true</sendWelcomeEmail>
    <site>Learning_Community_Cloud</site>
    <status>UnderConstruction</status>
    <tabs>
        <defaultTab>home</defaultTab>
        <standardTab>Chatter</standardTab>
    </tabs>
    <welcomeTemplate>unfiled$public/CommunityWelcomeEmailTemplate</welcomeTemplate>
</Network>
