<?xml version="1.0" encoding="UTF-8"?>
<Flow xmlns="http://soap.sforce.com/2006/04/metadata">
    <assignments>
        <name>AssignEnteredEmailToVariable</name>
        <label>Assign Entered Email To Variable</label>
        <locationX>507</locationX>
        <locationY>99</locationY>
        <assignmentItems>
            <assignToReference>LeadEmail</assignToReference>
            <operator>Assign</operator>
            <value>
                <elementReference>Enter_Email</elementReference>
            </value>
        </assignmentItems>
        <connector>
            <targetReference>EmailValidateWebservice</targetReference>
        </connector>
    </assignments>
    <decisions>
        <name>Find_whether_the_Record_Exists</name>
        <label>Find whether the Record Exists</label>
        <locationX>811</locationX>
        <locationY>268</locationY>
        <defaultConnector>
            <targetReference>Create_a_Lead_Screen</targetReference>
        </defaultConnector>
        <defaultConnectorLabel>Lead Record Not Matched</defaultConnectorLabel>
        <rules>
            <name>Found_Record_Exists</name>
            <conditionLogic>and</conditionLogic>
            <conditions>
                <leftValueReference>Lookup_Lead_By_Email</leftValueReference>
                <operator>EqualTo</operator>
                <rightValue>
                    <booleanValue>true</booleanValue>
                </rightValue>
            </conditions>
            <connector>
                <targetReference>Lead_Edit_Screen</targetReference>
            </connector>
            <label>Found Record Exists</label>
        </rules>
    </decisions>
    <interviewLabel>Lead Finder App {!$Flow.CurrentDateTime}</interviewLabel>
    <label>Lead Finder App</label>
    <processType>Flow</processType>
    <recordCreates>
        <name>Lead_Record_Create</name>
        <label>Lead Record Create</label>
        <locationX>575</locationX>
        <locationY>548</locationY>
        <assignRecordIdToReference>Id</assignRecordIdToReference>
        <connector>
            <targetReference>Lead_Create_Edit_Screen</targetReference>
        </connector>
        <faultConnector>
            <targetReference>Error_Screen</targetReference>
        </faultConnector>
        <inputAssignments>
            <field>Company</field>
            <value>
                <elementReference>Company</elementReference>
            </value>
        </inputAssignments>
        <inputAssignments>
            <field>Email</field>
            <value>
                <elementReference>Email</elementReference>
            </value>
        </inputAssignments>
        <inputAssignments>
            <field>FirstName</field>
            <value>
                <elementReference>First_Name</elementReference>
            </value>
        </inputAssignments>
        <inputAssignments>
            <field>LastName</field>
            <value>
                <elementReference>LastName</elementReference>
            </value>
        </inputAssignments>
        <inputAssignments>
            <field>Phone</field>
            <value>
                <elementReference>Phone</elementReference>
            </value>
        </inputAssignments>
        <object>Lead</object>
    </recordCreates>
    <recordLookups>
        <name>Lookup_Lead_By_Email</name>
        <label>Lookup Lead By Email</label>
        <locationX>801</locationX>
        <locationY>119</locationY>
        <assignNullValuesIfNoRecordsFound>true</assignNullValuesIfNoRecordsFound>
        <connector>
            <targetReference>Find_whether_the_Record_Exists</targetReference>
        </connector>
        <filters>
            <field>Email</field>
            <operator>EqualTo</operator>
            <value>
                <elementReference>LeadEmail</elementReference>
            </value>
        </filters>
        <object>Lead</object>
        <outputReference>Matched_Lead</outputReference>
        <queriedFields>Email</queriedFields>
        <queriedFields>LastName</queriedFields>
        <queriedFields>FirstName</queriedFields>
        <queriedFields>Phone</queriedFields>
        <queriedFields>Website</queriedFields>
        <queriedFields>Id</queriedFields>
    </recordLookups>
    <screens>
        <name>Create_a_Lead_Screen</name>
        <label>Create a Lead Screen</label>
        <locationX>563</locationX>
        <locationY>426</locationY>
        <allowBack>true</allowBack>
        <allowFinish>true</allowFinish>
        <allowPause>true</allowPause>
        <connector>
            <targetReference>Lead_Record_Create</targetReference>
        </connector>
        <fields>
            <name>First_Name</name>
            <dataType>String</dataType>
            <fieldText>First Name</fieldText>
            <fieldType>InputField</fieldType>
            <isRequired>true</isRequired>
        </fields>
        <fields>
            <name>LastName</name>
            <dataType>String</dataType>
            <fieldText>Last Name</fieldText>
            <fieldType>InputField</fieldType>
            <isRequired>true</isRequired>
        </fields>
        <fields>
            <name>Email</name>
            <dataType>String</dataType>
            <fieldText>Email</fieldText>
            <fieldType>InputField</fieldType>
            <isRequired>true</isRequired>
        </fields>
        <fields>
            <name>Company</name>
            <dataType>String</dataType>
            <fieldText>Company</fieldText>
            <fieldType>InputField</fieldType>
            <isRequired>true</isRequired>
        </fields>
        <fields>
            <name>Phone</name>
            <dataType>String</dataType>
            <fieldText>Phone</fieldText>
            <fieldType>InputField</fieldType>
            <isRequired>false</isRequired>
        </fields>
        <showFooter>true</showFooter>
        <showHeader>true</showHeader>
    </screens>
    <screens>
        <name>EmailValidateWebservice</name>
        <label>EmailValidateWebservice</label>
        <locationX>672</locationX>
        <locationY>30</locationY>
        <allowBack>true</allowBack>
        <allowFinish>true</allowFinish>
        <allowPause>false</allowPause>
        <connector>
            <targetReference>Lookup_Lead_By_Email</targetReference>
        </connector>
        <fields>
            <name>LeadVerifyAPI</name>
            <extensionName>c:LeadVerify</extensionName>
            <fieldType>ComponentInstance</fieldType>
            <inputParameters>
                <name>email</name>
                <value>
                    <elementReference>LeadEmail</elementReference>
                </value>
            </inputParameters>
            <isRequired>true</isRequired>
        </fields>
        <showFooter>false</showFooter>
        <showHeader>true</showHeader>
    </screens>
    <screens>
        <name>Error_Screen</name>
        <label>Error Screen</label>
        <locationX>291</locationX>
        <locationY>542</locationY>
        <allowBack>true</allowBack>
        <allowFinish>true</allowFinish>
        <allowPause>true</allowPause>
        <fields>
            <name>Fault</name>
            <fieldText>An exception occured . Check Detauls below

{!$Flow.FaultMessage}</fieldText>
            <fieldType>DisplayText</fieldType>
        </fields>
        <showFooter>true</showFooter>
        <showHeader>true</showHeader>
    </screens>
    <screens>
        <name>Lead_Create_Edit_Screen</name>
        <label>Lead_Create_Edit_Screen</label>
        <locationX>555</locationX>
        <locationY>683</locationY>
        <allowBack>true</allowBack>
        <allowFinish>false</allowFinish>
        <allowPause>false</allowPause>
        <fields>
            <name>LeadEditScreen</name>
            <extensionName>c:LeadEditForm</extensionName>
            <fieldType>ComponentInstance</fieldType>
            <inputParameters>
                <name>leadId</name>
                <value>
                    <elementReference>Id</elementReference>
                </value>
            </inputParameters>
            <isRequired>true</isRequired>
            <outputParameters>
                <assignToReference>Id</assignToReference>
                <name>leadId</name>
            </outputParameters>
        </fields>
        <showFooter>true</showFooter>
        <showHeader>true</showHeader>
    </screens>
    <screens>
        <name>Lead_Edit_Screen</name>
        <label>Lead Edit Screen</label>
        <locationX>846</locationX>
        <locationY>567</locationY>
        <allowBack>true</allowBack>
        <allowFinish>false</allowFinish>
        <allowPause>false</allowPause>
        <fields>
            <name>Lead_Edit_Component</name>
            <extensionName>c:LeadEditForm</extensionName>
            <fieldType>ComponentInstance</fieldType>
            <inputParameters>
                <name>leadId</name>
                <value>
                    <elementReference>Matched_Lead.Id</elementReference>
                </value>
            </inputParameters>
            <isRequired>true</isRequired>
            <outputParameters>
                <assignToReference>Matched_Lead.Id</assignToReference>
                <name>leadId</name>
            </outputParameters>
        </fields>
        <showFooter>true</showFooter>
        <showHeader>true</showHeader>
    </screens>
    <screens>
        <name>Search_Lead_Using_Email</name>
        <label>Search Lead Using Email</label>
        <locationX>342</locationX>
        <locationY>248</locationY>
        <allowBack>false</allowBack>
        <allowFinish>true</allowFinish>
        <allowPause>false</allowPause>
        <connector>
            <targetReference>AssignEnteredEmailToVariable</targetReference>
        </connector>
        <fields>
            <name>Enter_Email</name>
            <dataType>String</dataType>
            <fieldText>Enter Lead Email</fieldText>
            <fieldType>InputField</fieldType>
            <isRequired>true</isRequired>
        </fields>
        <showFooter>true</showFooter>
        <showHeader>true</showHeader>
    </screens>
    <startElementReference>Search_Lead_Using_Email</startElementReference>
    <variables>
        <name>Id</name>
        <dataType>String</dataType>
        <isCollection>false</isCollection>
        <isInput>false</isInput>
        <isOutput>true</isOutput>
    </variables>
    <variables>
        <name>LeadEmail</name>
        <dataType>String</dataType>
        <isCollection>false</isCollection>
        <isInput>false</isInput>
        <isOutput>false</isOutput>
    </variables>
    <variables>
        <name>Matched_Lead</name>
        <dataType>SObject</dataType>
        <isCollection>false</isCollection>
        <isInput>false</isInput>
        <isOutput>false</isOutput>
        <objectType>Lead</objectType>
    </variables>
</Flow>
