﻿NAME,RELEASE_DATE__C,DESCRIPTION__C,GENRE__C,BUDGET__C,RUNTIME__C,DIRECTOR__C,DIRECTOR__R.NAME,COVER_URL__C
The Shawshank Redemption,17/02/1995,"Two imprisoned men bond over a number of years, finding solace and eventual redemption through acts of common decency.",Drama,25000000,142,,Frank Darabont,https://m.media-amazon.com/images/M/MV5BMDFkYTc0MGEtZmNhMC00ZDIzLWFmNTEtODM1ZmRlYWMwMWFmXkEyXkFqcGdeQXVyMTMxODk2OTU@._V1_.jpg
The Dark Knight,24/07/2008,"Set within a year after the events of Batman Begins, Batman, Lieutenant James Gordon, and new district attorney Harvey Dent successfully begin to round up the criminals that plague Gotham City until a mysterious and sadistic criminal mastermind known only as the Joker appears in Gotham, creating a new wave of chaos. Batman's struggle against the Joker becomes deeply personal, forcing him to ""confront everything he believes"" and improve his technology to stop him.",Action,185000000,152,,Christopher Nolan,https://image.tmdb.org/t/p/w600_and_h900_bestv2/1hRoyzDtpgMU7Dz4JF22RANzQO7.jpg
Batman Begins,16/06/2005,"When his parents are killed, billionaire playboy Bruce Wayne relocates to Asia where he is mentored by Henri Ducard and Ra's Al Ghul in how to fight evil. When learning about the plan to wipe out evil in Gotham City by Ducard, Bruce prevents this plan from getting any further and heads back to his home. Back in his original surroundings, Bruce adopts the image of a bat to strike fear into the criminals and the corrupt as the icon known as 'Batman'. But it doesn't stay quiet for long.",Action,150000000,145,,Christopher Nolan,https://image.tmdb.org/t/p/w600_and_h900_bestv2/mYsoCOq82b08juHGxd3WnotiCAh.jpg
Schindler's List,18/02/1993,"In German-occupied Poland during World War II, Oskar Schindler gradually becomes concerned for his Jewish workforce after witnessing their persecution by the Nazi Germans.",Biography,22000000,195,,Steven Spielberg,https://image.tmdb.org/t/p/w600_and_h900_bestv2/yPisjyLweCl1tbgwgtzBCNCBle.jpg
Pulp Fiction,21/10/1994,"The lives of two mob hitmen, a boxer, a gangster's wife, and a pair of diner bandits intertwine in four tales of violence and redemption.",Crime,8000000,154,,Quentin Tarantino,https://image.tmdb.org/t/p/w600_and_h900_bestv2/dM2w364MScsjFf8pfMbaWUcWrR.jpg
The Godfather,24/08/1972,The aging patriarch of an organized crime dynasty transfers control of his clandestine empire to his reluctant son.,Crime,6000000,168,,Francis Ford Coppola,https://image.tmdb.org/t/p/w600_and_h900_bestv2/rPdtLWNsZmAtoZl9PK7S2wE3qiS.jpg
