[
    [
        "/Users/mohith/Desktop/ForceProjects/Learning-Salesforce-Lightning-Application-Development/chapter10/force-app",
        {
            "state": "n",
            "sourcePath": "/Users/mohith/Desktop/ForceProjects/Learning-Salesforce-Lightning-Application-Development/chapter10/force-app",
            "isDirectory": true,
            "isMetadataFile": false,
            "size": 128,
            "modifiedTime": 1528779719134,
            "changeTime": 1528779719134,
            "contentHash": "51d86f3b64a3d9a0048d192f02147b0e9e9594e4",
            "isWorkspace": false,
            "isArtifactRoot": true
        }
    ],
    [
        "/Users/mohith/Desktop/ForceProjects/Learning-Salesforce-Lightning-Application-Development/chapter10/force-app/main",
        {
            "state": "n",
            "sourcePath": "/Users/mohith/Desktop/ForceProjects/Learning-Salesforce-Lightning-Application-Development/chapter10/force-app/main",
            "isDirectory": true,
            "isMetadataFile": false,
            "size": 128,
            "modifiedTime": 1528779721659,
            "changeTime": 1528779721659,
            "contentHash": "ae41ed56706e4439a34cda97ac997d7988935c2f",
            "isWorkspace": false,
            "isArtifactRoot": false
        }
    ],
    [
        "/Users/mohith/Desktop/ForceProjects/Learning-Salesforce-Lightning-Application-Development/chapter10/force-app/main/default",
        {
            "state": "n",
            "sourcePath": "/Users/mohith/Desktop/ForceProjects/Learning-Salesforce-Lightning-Application-Development/chapter10/force-app/main/default",
            "isDirectory": true,
            "isMetadataFile": false,
            "size": 192,
            "modifiedTime": 1528779730126,
            "changeTime": 1528779730126,
            "contentHash": "f479a5ca90abd5b3805b09ca5b180e631f7c36ed",
            "isWorkspace": false,
            "isArtifactRoot": false
        }
    ],
    [
        "/Users/mohith/Desktop/ForceProjects/Learning-Salesforce-Lightning-Application-Development/chapter10/force-app/main/default/aura",
        {
            "state": "n",
            "sourcePath": "/Users/mohith/Desktop/ForceProjects/Learning-Salesforce-Lightning-Application-Development/chapter10/force-app/main/default/aura",
            "isDirectory": true,
            "isMetadataFile": false,
            "size": 160,
            "modifiedTime": 1528779738798,
            "changeTime": 1528779738798,
            "contentHash": "1dc34b472d1d5e60f5c0d6ba83aa789ae7344e76",
            "isWorkspace": false,
            "isArtifactRoot": false
        }
    ],
    [
        "/Users/mohith/Desktop/ForceProjects/Learning-Salesforce-Lightning-Application-Development/chapter10/force-app/main/default/aura/youtubeSearchApp",
        {
            "state": "n",
            "sourcePath": "/Users/mohith/Desktop/ForceProjects/Learning-Salesforce-Lightning-Application-Development/chapter10/force-app/main/default/aura/youtubeSearchApp",
            "isDirectory": true,
            "isMetadataFile": false,
            "size": 128,
            "modifiedTime": 1528520133348,
            "changeTime": 1528779724850,
            "contentHash": "a873ac70005f9ad562a638201aecfe30df51c9e8",
            "isWorkspace": false,
            "isArtifactRoot": false
        }
    ],
    [
        "/Users/mohith/Desktop/ForceProjects/Learning-Salesforce-Lightning-Application-Development/chapter10/force-app/main/default/aura/youtubeSearchApp/youtubeSearchApp.app",
        {
            "state": "n",
            "sourcePath": "/Users/mohith/Desktop/ForceProjects/Learning-Salesforce-Lightning-Application-Development/chapter10/force-app/main/default/aura/youtubeSearchApp/youtubeSearchApp.app",
            "isDirectory": false,
            "isMetadataFile": false,
            "size": 82,
            "modifiedTime": 1528520133348,
            "changeTime": 1528779724771,
            "contentHash": "b0354ea6390c2b9d812ef548a9ded06fa1268c2a",
            "isWorkspace": false,
            "isArtifactRoot": false
        }
    ],
    [
        "/Users/mohith/Desktop/ForceProjects/Learning-Salesforce-Lightning-Application-Development/chapter10/force-app/main/default/aura/youtubeSearchApp/youtubeSearchApp.app-meta.xml",
        {
            "state": "n",
            "sourcePath": "/Users/mohith/Desktop/ForceProjects/Learning-Salesforce-Lightning-Application-Development/chapter10/force-app/main/default/aura/youtubeSearchApp/youtubeSearchApp.app-meta.xml",
            "isDirectory": false,
            "isMetadataFile": true,
            "size": 228,
            "modifiedTime": 1528520133347,
            "changeTime": 1528779724850,
            "contentHash": "0e56fac143bebb2d3f47b76d45c3a61ff95ee18e",
            "isWorkspace": false,
            "isArtifactRoot": false
        }
    ],
    [
        "/Users/mohith/Desktop/ForceProjects/Learning-Salesforce-Lightning-Application-Development/chapter10/force-app/main/default/aura/youtubesearch",
        {
            "state": "n",
            "sourcePath": "/Users/mohith/Desktop/ForceProjects/Learning-Salesforce-Lightning-Application-Development/chapter10/force-app/main/default/aura/youtubesearch",
            "isDirectory": true,
            "isMetadataFile": false,
            "size": 352,
            "modifiedTime": 1528238440485,
            "changeTime": 1528779724372,
            "contentHash": "0b0a24a5059f7e94599e435caa1984fa2ae4239b",
            "isWorkspace": false,
            "isArtifactRoot": false
        }
    ],
    [
        "/Users/mohith/Desktop/ForceProjects/Learning-Salesforce-Lightning-Application-Development/chapter10/force-app/main/default/aura/youtubesearch/youtubesearch.auradoc",
        {
            "state": "n",
            "sourcePath": "/Users/mohith/Desktop/ForceProjects/Learning-Salesforce-Lightning-Application-Development/chapter10/force-app/main/default/aura/youtubesearch/youtubesearch.auradoc",
            "isDirectory": false,
            "isMetadataFile": false,
            "size": 209,
            "modifiedTime": 1528238440484,
            "changeTime": 1528779724359,
            "contentHash": "fd7f560d82324d6a8255c8c6ebf60698f5f93f1e",
            "isWorkspace": false,
            "isArtifactRoot": false
        }
    ],
    [
        "/Users/mohith/Desktop/ForceProjects/Learning-Salesforce-Lightning-Application-Development/chapter10/force-app/main/default/aura/youtubesearch/youtubesearch.cmp",
        {
            "state": "n",
            "sourcePath": "/Users/mohith/Desktop/ForceProjects/Learning-Salesforce-Lightning-Application-Development/chapter10/force-app/main/default/aura/youtubesearch/youtubesearch.cmp",
            "isDirectory": false,
            "isMetadataFile": false,
            "size": 2083,
            "modifiedTime": 1528600649688,
            "changeTime": 1528779724369,
            "contentHash": "1628308a6df82a16fca4085edec3db3e27b9dabe",
            "isWorkspace": false,
            "isArtifactRoot": false
        }
    ],
    [
        "/Users/mohith/Desktop/ForceProjects/Learning-Salesforce-Lightning-Application-Development/chapter10/force-app/main/default/aura/youtubesearch/youtubesearch.cmp-meta.xml",
        {
            "state": "n",
            "sourcePath": "/Users/mohith/Desktop/ForceProjects/Learning-Salesforce-Lightning-Application-Development/chapter10/force-app/main/default/aura/youtubesearch/youtubesearch.cmp-meta.xml",
            "isDirectory": false,
            "isMetadataFile": true,
            "size": 245,
            "modifiedTime": 1528577845090,
            "changeTime": 1528779724371,
            "contentHash": "b5e6c913a3d81ac3239a513b7fce9ea890deeb84",
            "isWorkspace": false,
            "isArtifactRoot": false
        }
    ],
    [
        "/Users/mohith/Desktop/ForceProjects/Learning-Salesforce-Lightning-Application-Development/chapter10/force-app/main/default/aura/youtubesearch/youtubesearch.css",
        {
            "state": "n",
            "sourcePath": "/Users/mohith/Desktop/ForceProjects/Learning-Salesforce-Lightning-Application-Development/chapter10/force-app/main/default/aura/youtubesearch/youtubesearch.css",
            "isDirectory": false,
            "isMetadataFile": false,
            "size": 10,
            "modifiedTime": 1528238440481,
            "changeTime": 1528779724372,
            "contentHash": "44063bf628f237edaa1f3f358714dd40ac321703",
            "isWorkspace": false,
            "isArtifactRoot": false
        }
    ],
    [
        "/Users/mohith/Desktop/ForceProjects/Learning-Salesforce-Lightning-Application-Development/chapter10/force-app/main/default/aura/youtubesearch/youtubesearch.design",
        {
            "state": "n",
            "sourcePath": "/Users/mohith/Desktop/ForceProjects/Learning-Salesforce-Lightning-Application-Development/chapter10/force-app/main/default/aura/youtubesearch/youtubesearch.design",
            "isDirectory": false,
            "isMetadataFile": false,
            "size": 40,
            "modifiedTime": 1528238440485,
            "changeTime": 1528779724360,
            "contentHash": "c5618bc7228e29c74b07b78fd040e05ae8a541ec",
            "isWorkspace": false,
            "isArtifactRoot": false
        }
    ],
    [
        "/Users/mohith/Desktop/ForceProjects/Learning-Salesforce-Lightning-Application-Development/chapter10/force-app/main/default/aura/youtubesearch/youtubesearch.svg",
        {
            "state": "n",
            "sourcePath": "/Users/mohith/Desktop/ForceProjects/Learning-Salesforce-Lightning-Application-Development/chapter10/force-app/main/default/aura/youtubesearch/youtubesearch.svg",
            "isDirectory": false,
            "isMetadataFile": false,
            "size": 661,
            "modifiedTime": 1528238440483,
            "changeTime": 1528779724370,
            "contentHash": "721eeffe17135535c3834b77f1e1968fe6360ed4",
            "isWorkspace": false,
            "isArtifactRoot": false
        }
    ],
    [
        "/Users/mohith/Desktop/ForceProjects/Learning-Salesforce-Lightning-Application-Development/chapter10/force-app/main/default/aura/youtubesearch/youtubesearchController.js",
        {
            "state": "n",
            "sourcePath": "/Users/mohith/Desktop/ForceProjects/Learning-Salesforce-Lightning-Application-Development/chapter10/force-app/main/default/aura/youtubesearch/youtubesearchController.js",
            "isDirectory": false,
            "isMetadataFile": false,
            "size": 113,
            "modifiedTime": 1528238467554,
            "changeTime": 1528779724359,
            "contentHash": "f53ac559c0d1dd7b5e5d18c0637423a2a5f2c82d",
            "isWorkspace": false,
            "isArtifactRoot": false
        }
    ],
    [
        "/Users/mohith/Desktop/ForceProjects/Learning-Salesforce-Lightning-Application-Development/chapter10/force-app/main/default/aura/youtubesearch/youtubesearchHelper.js",
        {
            "state": "n",
            "sourcePath": "/Users/mohith/Desktop/ForceProjects/Learning-Salesforce-Lightning-Application-Development/chapter10/force-app/main/default/aura/youtubesearch/youtubesearchHelper.js",
            "isDirectory": false,
            "isMetadataFile": false,
            "size": 1449,
            "modifiedTime": 1528597810554,
            "changeTime": 1528779724367,
            "contentHash": "92fc2c9b2017eccc3609d435841b9ee4a59f7b7e",
            "isWorkspace": false,
            "isArtifactRoot": false
        }
    ],
    [
        "/Users/mohith/Desktop/ForceProjects/Learning-Salesforce-Lightning-Application-Development/chapter10/force-app/main/default/aura/youtubesearch/youtubesearchRenderer.js",
        {
            "state": "n",
            "sourcePath": "/Users/mohith/Desktop/ForceProjects/Learning-Salesforce-Lightning-Application-Development/chapter10/force-app/main/default/aura/youtubesearch/youtubesearchRenderer.js",
            "isDirectory": false,
            "isMetadataFile": false,
            "size": 50,
            "modifiedTime": 1528238440482,
            "changeTime": 1528779724368,
            "contentHash": "8b79b016f08440c9b2f7d706a6d21229c854540b",
            "isWorkspace": false,
            "isArtifactRoot": false
        }
    ],
    [
        "/Users/mohith/Desktop/ForceProjects/Learning-Salesforce-Lightning-Application-Development/chapter10/force-app/main/default/classes",
        {
            "state": "n",
            "sourcePath": "/Users/mohith/Desktop/ForceProjects/Learning-Salesforce-Lightning-Application-Development/chapter10/force-app/main/default/classes",
            "isDirectory": true,
            "isMetadataFile": false,
            "size": 192,
            "modifiedTime": 1528520133356,
            "changeTime": 1528779725095,
            "contentHash": "88175822898a8d3e8e0d0b24f066b35f639e3772",
            "isWorkspace": false,
            "isArtifactRoot": false
        }
    ],
    [
        "/Users/mohith/Desktop/ForceProjects/Learning-Salesforce-Lightning-Application-Development/chapter10/force-app/main/default/classes/YoutubeDataParser.cls",
        {
            "state": "n",
            "sourcePath": "/Users/mohith/Desktop/ForceProjects/Learning-Salesforce-Lightning-Application-Development/chapter10/force-app/main/default/classes/YoutubeDataParser.cls",
            "isDirectory": false,
            "isMetadataFile": false,
            "size": 2329,
            "modifiedTime": 1528238558526,
            "changeTime": 1528779725088,
            "contentHash": "3ce50736cd63e76c4b0e26134728323d5c927c98",
            "isWorkspace": false,
            "isArtifactRoot": false
        }
    ],
    [
        "/Users/mohith/Desktop/ForceProjects/Learning-Salesforce-Lightning-Application-Development/chapter10/force-app/main/default/classes/YoutubeDataParser.cls-meta.xml",
        {
            "state": "n",
            "sourcePath": "/Users/mohith/Desktop/ForceProjects/Learning-Salesforce-Lightning-Application-Development/chapter10/force-app/main/default/classes/YoutubeDataParser.cls-meta.xml",
            "isDirectory": false,
            "isMetadataFile": true,
            "size": 195,
            "modifiedTime": 1528238548509,
            "changeTime": 1528779725092,
            "contentHash": "c3b8b2367ebae64b9572e7f02a9ca291c406b568",
            "isWorkspace": false,
            "isArtifactRoot": false
        }
    ],
    [
        "/Users/mohith/Desktop/ForceProjects/Learning-Salesforce-Lightning-Application-Development/chapter10/force-app/main/default/classes/Youtubesearch.cls",
        {
            "state": "n",
            "sourcePath": "/Users/mohith/Desktop/ForceProjects/Learning-Salesforce-Lightning-Application-Development/chapter10/force-app/main/default/classes/Youtubesearch.cls",
            "isDirectory": false,
            "isMetadataFile": false,
            "size": 1031,
            "modifiedTime": 1528601486703,
            "changeTime": 1528779725094,
            "contentHash": "9a24461cfc3cea22de4ae73a51211643f58fd57c",
            "isWorkspace": false,
            "isArtifactRoot": false
        }
    ],
    [
        "/Users/mohith/Desktop/ForceProjects/Learning-Salesforce-Lightning-Application-Development/chapter10/force-app/main/default/classes/Youtubesearch.cls-meta.xml",
        {
            "state": "n",
            "sourcePath": "/Users/mohith/Desktop/ForceProjects/Learning-Salesforce-Lightning-Application-Development/chapter10/force-app/main/default/classes/Youtubesearch.cls-meta.xml",
            "isDirectory": false,
            "isMetadataFile": true,
            "size": 174,
            "modifiedTime": 1528520133353,
            "changeTime": 1528779725086,
            "contentHash": "5690448073e1f4fad2748afd55cc064a162b59a5",
            "isWorkspace": false,
            "isArtifactRoot": false
        }
    ],
    [
        "/Users/mohith/Desktop/ForceProjects/Learning-Salesforce-Lightning-Application-Development/chapter10/force-app/main/default/remoteSiteSettings",
        {
            "state": "n",
            "sourcePath": "/Users/mohith/Desktop/ForceProjects/Learning-Salesforce-Lightning-Application-Development/chapter10/force-app/main/default/remoteSiteSettings",
            "isDirectory": true,
            "isMetadataFile": false,
            "size": 96,
            "modifiedTime": 1528520133361,
            "changeTime": 1528779725115,
            "contentHash": "582106a4866dbe1503b01fa6f2cf326dedc2bfb5",
            "isWorkspace": false,
            "isArtifactRoot": false
        }
    ],
    [
        "/Users/mohith/Desktop/ForceProjects/Learning-Salesforce-Lightning-Application-Development/chapter10/force-app/main/default/remoteSiteSettings/Youtube.remoteSite-meta.xml",
        {
            "state": "n",
            "sourcePath": "/Users/mohith/Desktop/ForceProjects/Learning-Salesforce-Lightning-Application-Development/chapter10/force-app/main/default/remoteSiteSettings/Youtube.remoteSite-meta.xml",
            "isDirectory": false,
            "isMetadataFile": true,
            "size": 261,
            "modifiedTime": 1528520133361,
            "changeTime": 1528779725114,
            "contentHash": "530baff2c616b7bbe2b81812a3eac8e3e34aab95",
            "isWorkspace": false,
            "isArtifactRoot": false
        }
    ],
    [
        "/Users/mohith/Desktop/ForceProjects/Learning-Salesforce-Lightning-Application-Development/chapter10",
        {
            "state": "n",
            "sourcePath": "/Users/mohith/Desktop/ForceProjects/Learning-Salesforce-Lightning-Application-Development/chapter10",
            "isDirectory": true,
            "isMetadataFile": false,
            "size": 320,
            "modifiedTime": 1528779719145,
            "changeTime": 1528779719145,
            "contentHash": "345c04f0bb30a9c2f22b188cc96e39de4179450a",
            "isWorkspace": true,
            "isArtifactRoot": false
        }
    ]
]